<?xml version="1.0" encoding="UTF-8"?>
<project-private xmlns="http://www.netbeans.org/ns/project-private/1">
    <editor-bookmarks xmlns="http://www.netbeans.org/ns/editor-bookmarks/2" lastBookmarkId="0"/>
    <open-files xmlns="http://www.netbeans.org/ns/projectui-open-files/2">
        <group>
            <file>file:/C:/Users/asus/Documents/NetBeansProjects/School_Management_System/src/sms/Teacher.java</file>
            <file>file:/C:/Users/asus/Documents/NetBeansProjects/School_Management_System/src/sms/Home.java</file>
            <file>file:/C:/Users/asus/Documents/NetBeansProjects/School_Management_System/src/sms/Student.java</file>
            <file>file:/C:/Users/asus/Documents/NetBeansProjects/School_Management_System/src/sms/CurrentPrincipal.java</file>
            <file>file:/C:/Users/asus/Documents/NetBeansProjects/School_Management_System/src/sms/Allteachers.java</file>
            <file>file:/C:/Users/asus/Documents/NetBeansProjects/School_Management_System/src/sms/Login.java</file>
            <file>file:/C:/Users/asus/Documents/NetBeansProjects/School_Management_System/src/sms/Allstudents.java</file>
            <file>file:/C:/Users/asus/Documents/NetBeansProjects/School_Management_System/src/sms/Welcome.java</file>
            <file>file:/C:/Users/asus/Documents/NetBeansProjects/School_Management_System/src/sms/Principal.java</file>
            <file>file:/C:/Users/asus/Documents/NetBeansProjects/School_Management_System/src/sms/Databaseconnection.java</file>
        </group>
    </open-files>
</project-private>
